<?xml version="1.0"?>
<form name="Analog Assessment">

	<field name="Legacy Assest ID" type="text" />
	<field name="Assessors" type="text" />
	<field name="Title" type="text" />
	<field name="Collection" type="text" />
	<field name="Creators" type="text" />
	<field name="Shelf Code" type="text" />
	<field name="Category" type="text" />
	<field name="Year" type="text" />
	<field name="Content Description" type="text" />
	<field name="Month" type="text" />
	<field name="Day" type="text" />
	<field name="Unnamed Field" type="text" />
	<field name="Unnamed Field" type="text" />
	<field name="Further Review" type="int" />
	<field name="Unnamed Field" type="text" />
	<field name="Unnamed Field" type="text" />
	<field name="Unnamed Field" type="text" />
	<field name="Unnamed Field" type="text" />
	<field name="Unnamed Field" type="text" />
	<field name="Unnamed Field" type="text" />
	<field name="Unnamed Field" type="text" />
	<field name="Unnamed Field" type="text" />
	<field name="Unnamed Field" type="text" />
	<field name="Unnamed Field" type="text" />
	<field name="Generation" type="text" />
	<field name="Unique ID" type="text" />
	<field name="Size" type="text" />
	<field name="Media Type" type="text" />
	<field name="Speed" type="text" />
	<field name="Stock Manufacturer" type="text" />
	<field name="Track Configuration" type="text" />
	<field name="Stock Brand" type="text" />
	<field name="Tape Thickness" type="text" />
	<field name="Stock Formula" type="text" />
	<field name="Tape Playback Direction" type="text" />
	<field name="Asset Age" type="text" />
	<field name="Tape Width" type="text" />
	<field name="Known Running Time" type="text" />
	<field name="Tape Noise Reduction" type="text" />
	<field name="Popped Strands" type="int" />
	<field name="Backing Loss" type="int" />
	<field name="Delamination" type="int" />
	<field name="Dirt/Dust" type="int" />
	<field name="Cracks" type="int" />
	<field name="Stepped Pack" type="int" />
	<field name="Binder Loss" type="int" />
	<field name="Edge Curling" type="int" />
	<field name="Fungus" type="int" />
	<field name="Delamination" type="int" />
	<field name="Flange Pack" type="int" />
	<field name="Blocking" type="int" />
	<field name="Edge Damage" type="int" />
	<field name="Liquid" type="int" />
	<field name="Scratches" type="int" />
	<field name="Unsecured Tape" type="int" />
	<field name="Brittleness" type="int" />
	<field name="Stretching" type="int" />
	<field name="Pest" type="int" />
	<field name="Surface Contamination" type="int" />
	<field name="Heads Out" type="int" />
	<field name="Breakage" type="int" />
	<field name="Spoking" type="int" />
	<field name="Slotted Hub" type="int" />
	<field name="Warping" type="int" />
	<field name="Vinegar Odor" type="int" />
	<field name="Cinching" type="int" />
	<field name="Windowing" type="int" />
	<field name="Splices" type="int" />
	<field name="Other Odor" type="int" />
	<field name="Cupping" type="int" />
	<field name="Wrinkling" type="int" />
	<field name="Condition Notes" type="text" />
	<field name="Notes" type="text" />
	
	<record name="Music Tape 767 Pt.E V.6 Morton Series">
		<field name="Legacy Assest ID">Music Tape 767 Pt.E V.6</field>
		<field name="Assessors"></field>
		<field name="Title">Morton Series </field>
		<field name="Collection">NCN</field>
		<field name="Creators">Adam, Claus</field>
		<field name="Shelf Code"></field>
		<field name="Category">Music</field>
		<field name="Year">1978</field>
		<field name="Content Description">Beethoven Op.59 #3; Brahms Sonata; Haydn Quartet; Shubert Quartet; Beethoven Sonata Op. 102</field>
		<field name="Month">April</field>
		<field name="Day">14</field>
		<field name="Unnamed Field">13657672880001.jpg</field>
		<field name="Unnamed Field">13657672880002.jpg</field>
		<field name="Further Review">0</field>
		<field name="Unnamed Field">13657672880003.jpg</field>
		<field name="Unnamed Field">13657672880004.jpg</field>
		<field name="Unnamed Field">13657672880005.jpg</field>
		<field name="Unnamed Field">13657672880006.jpg</field>
		<field name="Unnamed Field">13657672880007.jpg</field>
		<field name="Unnamed Field">13657672880008.jpg</field>
		<field name="Unnamed Field">13657672880009.jpg</field>
		<field name="Unnamed Field">13657672880010.jpg</field>
		<field name="Unnamed Field">13657672880011.jpg</field>
		<field name="Unnamed Field">13657672880012.jpg</field>
		<field name="Generation">Original</field>
		<field name="Unique ID">52</field>
		<field name="Size">7-inch (Reel)</field>
		<field name="Media Type">Reel, Acetate</field>
		<field name="Speed">3 3/4 IPS (radio broadcast-cartridge)</field>
		<field name="Stock Manufacturer"></field>
		<field name="Track Configuration">2 Track</field>
		<field name="Stock Brand">Music Master</field>
		<field name="Tape Thickness">Standard Play (1.5 mil base)</field>
		<field name="Stock Formula"></field>
		<field name="Tape Playback Direction">Bidirectional </field>
		<field name="Asset Age"></field>
		<field name="Tape Width">1/4&quot;</field>
		<field name="Known Running Time"></field>
		<field name="Tape Noise Reduction"></field>
		<field name="Popped Strands">1</field>
		<field name="Backing Loss">0</field>
		<field name="Delamination">0</field>
		<field name="Dirt/Dust">0</field>
		<field name="Cracks">0</field>
		<field name="Stepped Pack">1</field>
		<field name="Binder Loss">0</field>
		<field name="Edge Curling">0</field>
		<field name="Fungus">0</field>
		<field name="Delamination">0</field>
		<field name="Flange Pack">0</field>
		<field name="Blocking">0</field>
		<field name="Edge Damage">0</field>
		<field name="Liquid">0</field>
		<field name="Scratches">0</field>
		<field name="Unsecured Tape">0</field>
		<field name="Brittleness">0</field>
		<field name="Stretching">0</field>
		<field name="Pest">0</field>
		<field name="Surface Contamination">0</field>
		<field name="Heads Out">0</field>
		<field name="Breakage">0</field>
		<field name="Spoking">0</field>
		<field name="Slotted Hub">1</field>
		<field name="Warping">0</field>
		<field name="Vinegar Odor">0</field>
		<field name="Cinching">0</field>
		<field name="Windowing">0</field>
		<field name="Splices">0</field>
		<field name="Other Odor">0</field>
		<field name="Cupping">0</field>
		<field name="Wrinkling">1</field>
		<field name="Condition Notes"></field>
		<field name="Notes"></field>
	</record>
	
	<record name="Music Tape 767 Pt. E V.4 Morton Series Master Class">
		<field name="Legacy Assest ID">Music Tape 767 Pt. E V.4</field>
		<field name="Assessors"></field>
		<field name="Title">Morton Series Master Class</field>
		<field name="Collection">NCN</field>
		<field name="Creators">Adam, Claus</field>
		<field name="Shelf Code"></field>
		<field name="Category">Music</field>
		<field name="Year">1978</field>
		<field name="Content Description">Mozart A Major Quartet; Brahms Trio 2nd Movement</field>
		<field name="Month">April</field>
		<field name="Day">11</field>
		<field name="Unnamed Field">13657672880013.jpg</field>
		<field name="Unnamed Field">13657672880014.jpg</field>
		<field name="Further Review">0</field>
		<field name="Unnamed Field">13657672880015.jpg</field>
		<field name="Unnamed Field">13657672880016.jpg</field>
		<field name="Unnamed Field">13657672880017.jpg</field>
		<field name="Unnamed Field">13657672880018.jpg</field>
		<field name="Unnamed Field">13657672880019.jpg</field>
		<field name="Unnamed Field">13657672880020.jpg</field>
		<field name="Unnamed Field">13657672880021.jpg</field>
		<field name="Unnamed Field">13657672880022.jpg</field>
		<field name="Unnamed Field">13657672880023.jpg</field>
		<field name="Unnamed Field">13657672880024.jpg</field>
		<field name="Generation">Original</field>
		<field name="Unique ID">53</field>
		<field name="Size">7-inch (Reel)</field>
		<field name="Media Type">Reel, Polyester</field>
		<field name="Speed">3 3/4 IPS (radio broadcast-cartridge)</field>
		<field name="Stock Manufacturer"></field>
		<field name="Track Configuration"></field>
		<field name="Stock Brand">Music Master</field>
		<field name="Tape Thickness"></field>
		<field name="Stock Formula"></field>
		<field name="Tape Playback Direction">Bidirectional </field>
		<field name="Asset Age"></field>
		<field name="Tape Width">1/4&quot;</field>
		<field name="Known Running Time"></field>
		<field name="Tape Noise Reduction"></field>
		<field name="Popped Strands">1</field>
		<field name="Backing Loss">0</field>
		<field name="Delamination">0</field>
		<field name="Dirt/Dust">0</field>
		<field name="Cracks">0</field>
		<field name="Stepped Pack">1</field>
		<field name="Binder Loss">0</field>
		<field name="Edge Curling">0</field>
		<field name="Fungus">0</field>
		<field name="Delamination">0</field>
		<field name="Flange Pack">0</field>
		<field name="Blocking">0</field>
		<field name="Edge Damage">0</field>
		<field name="Liquid">0</field>
		<field name="Scratches">0</field>
		<field name="Unsecured Tape">1</field>
		<field name="Brittleness">0</field>
		<field name="Stretching">0</field>
		<field name="Pest">0</field>
		<field name="Surface Contamination">0</field>
		<field name="Heads Out">1</field>
		<field name="Breakage">0</field>
		<field name="Spoking">0</field>
		<field name="Slotted Hub">1</field>
		<field name="Warping">0</field>
		<field name="Vinegar Odor">0</field>
		<field name="Cinching">0</field>
		<field name="Windowing">0</field>
		<field name="Splices">0</field>
		<field name="Other Odor">1</field>
		<field name="Cupping">0</field>
		<field name="Wrinkling">1</field>
		<field name="Condition Notes"></field>
		<field name="Notes"></field>
	</record>
	
	<record name="The Man Who Cares; Let&apos;s Have Harmony">
		<field name="Legacy Assest ID"></field>
		<field name="Assessors"></field>
		<field name="Title">The Man Who Cares; Let&apos;s Have Harmony</field>
		<field name="Collection">NCN</field>
		<field name="Creators">Duchin, Eddy and his Orchestra</field>
		<field name="Shelf Code"></field>
		<field name="Category">Music</field>
		<field name="Year"></field>
		<field name="Content Description">Brunswick 8237; Scribe B 23526 1-A1; 1-A2</field>
		<field name="Month"></field>
		<field name="Day"></field>
		<field name="Unnamed Field">13657672880025.jpg</field>
		<field name="Unnamed Field">13657672880026.jpg</field>
		<field name="Further Review">0</field>
		<field name="Unnamed Field">13657672880027.jpg</field>
		<field name="Unnamed Field">13657672880028.jpg</field>
		<field name="Unnamed Field">13657672880029.jpg</field>
		<field name="Unnamed Field">13657672880030.jpg</field>
		<field name="Unnamed Field">13657672880031.jpg</field>
		<field name="Unnamed Field">13657672880032.jpg</field>
		<field name="Unnamed Field">13657672880033.jpg</field>
		<field name="Unnamed Field">13657672880034.jpg</field>
		<field name="Unnamed Field">13657672880035.jpg</field>
		<field name="Unnamed Field">13657672880036.jpg</field>
		<field name="Generation">Original</field>
		<field name="Unique ID">54</field>
		<field name="Size">10-inch (Record)</field>
		<field name="Media Type">Record, Shellac</field>
		<field name="Speed">78 RPM</field>
		<field name="Stock Manufacturer"></field>
		<field name="Track Configuration">1 Track</field>
		<field name="Stock Brand"></field>
		<field name="Tape Thickness"></field>
		<field name="Stock Formula"></field>
		<field name="Tape Playback Direction"></field>
		<field name="Asset Age"></field>
		<field name="Tape Width"></field>
		<field name="Known Running Time"></field>
		<field name="Tape Noise Reduction"></field>
		<field name="Popped Strands">0</field>
		<field name="Backing Loss">0</field>
		<field name="Delamination">0</field>
		<field name="Dirt/Dust">0</field>
		<field name="Cracks">0</field>
		<field name="Stepped Pack">0</field>
		<field name="Binder Loss">0</field>
		<field name="Edge Curling">0</field>
		<field name="Fungus">0</field>
		<field name="Delamination">0</field>
		<field name="Flange Pack">0</field>
		<field name="Blocking">0</field>
		<field name="Edge Damage">0</field>
		<field name="Liquid">0</field>
		<field name="Scratches">1</field>
		<field name="Unsecured Tape">0</field>
		<field name="Brittleness">0</field>
		<field name="Stretching">0</field>
		<field name="Pest">0</field>
		<field name="Surface Contamination">1</field>
		<field name="Heads Out">0</field>
		<field name="Breakage">0</field>
		<field name="Spoking">0</field>
		<field name="Slotted Hub">0</field>
		<field name="Warping">0</field>
		<field name="Vinegar Odor">0</field>
		<field name="Cinching">0</field>
		<field name="Windowing">0</field>
		<field name="Splices">0</field>
		<field name="Other Odor">0</field>
		<field name="Cupping">0</field>
		<field name="Wrinkling">0</field>
		<field name="Condition Notes"></field>
		<field name="Notes"></field>
	</record>
	
	<record name="308 A Choir for Christmas 1966">
		<field name="Legacy Assest ID">308</field>
		<field name="Assessors">Ashworth/Chilcott</field>
		<field name="Title">A Choir for Christmas 1966</field>
		<field name="Collection">NCN</field>
		<field name="Creators">Ohio University Chorus; Singers; Mens/Womens Glee Club</field>
		<field name="Shelf Code"></field>
		<field name="Category">Music</field>
		<field name="Year">1966</field>
		<field name="Content Description"></field>
		<field name="Month"></field>
		<field name="Day"></field>
		<field name="Unnamed Field">13657672880037.jpg</field>
		<field name="Unnamed Field">13657672880038.jpg</field>
		<field name="Further Review">0</field>
		<field name="Unnamed Field">13657672880039.jpg</field>
		<field name="Unnamed Field">13657672880040.jpg</field>
		<field name="Unnamed Field">13657672880041.jpg</field>
		<field name="Unnamed Field">13657672880042.jpg</field>
		<field name="Unnamed Field">13657672880043.jpg</field>
		<field name="Unnamed Field">13657672880044.jpg</field>
		<field name="Unnamed Field">13657672880045.jpg</field>
		<field name="Unnamed Field">13657672880046.jpg</field>
		<field name="Unnamed Field">13657672880047.jpg</field>
		<field name="Unnamed Field">13657672880048.jpg</field>
		<field name="Generation">Original</field>
		<field name="Unique ID">51</field>
		<field name="Size">7-inch (Reel)</field>
		<field name="Media Type">Reel, Acetate</field>
		<field name="Speed">7 1/2 IPS (home hifi reel-to-reel)</field>
		<field name="Stock Manufacturer">3M</field>
		<field name="Track Configuration"></field>
		<field name="Stock Brand">Scotch</field>
		<field name="Tape Thickness">Standard Play (1.5 mil base)</field>
		<field name="Stock Formula">111</field>
		<field name="Tape Playback Direction">Bidirectional </field>
		<field name="Asset Age"></field>
		<field name="Tape Width">1/4&quot;</field>
		<field name="Known Running Time">29 </field>
		<field name="Tape Noise Reduction"></field>
		<field name="Popped Strands">1</field>
		<field name="Backing Loss">0</field>
		<field name="Delamination">0</field>
		<field name="Dirt/Dust">0</field>
		<field name="Cracks">0</field>
		<field name="Stepped Pack">0</field>
		<field name="Binder Loss">0</field>
		<field name="Edge Curling">1</field>
		<field name="Fungus">0</field>
		<field name="Delamination">0</field>
		<field name="Flange Pack">0</field>
		<field name="Blocking">0</field>
		<field name="Edge Damage">0</field>
		<field name="Liquid">0</field>
		<field name="Scratches">0</field>
		<field name="Unsecured Tape">0</field>
		<field name="Brittleness">0</field>
		<field name="Stretching">0</field>
		<field name="Pest">0</field>
		<field name="Surface Contamination">0</field>
		<field name="Heads Out">0</field>
		<field name="Breakage">0</field>
		<field name="Spoking">0</field>
		<field name="Slotted Hub">1</field>
		<field name="Warping">0</field>
		<field name="Vinegar Odor">0</field>
		<field name="Cinching">1</field>
		<field name="Windowing">0</field>
		<field name="Splices">0</field>
		<field name="Other Odor">0</field>
		<field name="Cupping">1</field>
		<field name="Wrinkling">0</field>
		<field name="Condition Notes"></field>
		<field name="Notes"></field>
	</record>
</form>